# form	expansion
i'm	i am
i've	i have
i'll	i will
i'd	i would
you're	you are
you've	you have
you'll	you will
you'd	you would
he's	he is
she's	she is
it's	it is
he'll	he will
she'll	she will
it'll	it will
he'd	he would
she'd	she would
we're	we are
we've	we have
we'll	we will
we'd	we would
they're	they are
they've	they have
they'll	they will
they'd	they would
that's	that is
there's	there is
here's	here is
what's	what is
who's	who is
where's	where is
how's	how is
let's	let us
isn't	is not
aren't	are not
wasn't	was not
weren't	were not
don't	do not
doesn't	does not
didn't	did not
can't	can not
cannot	can not
couldn't	could not
won't	will not
wouldn't	would not
shouldn't	should not
mustn't	must not
shan't	shall not
haven't	have not
hasn't	has not
hadn't	had not
ain't	is not
gonna	going to
wanna	want to
gotta	got to
'em	them
ma'am	madam
o'clock	of the clock
y'all	you all
c'mon	come on
