# key	head	emoji	note	(only nouns with one dominant concrete sense; never names, never abstracts)
sol	sōl	☀️	
luna	lūna	🌙	
stella	stēlla	⭐	
nubes	nūbēs	☁️	
pluvia	pluvia	🌧️	
nix	nix	❄️	
ventus	ventus	💨	
fulmen	fulmen	⚡	
ignis	ignis	🔥	
aqua	aqua	💧	
mare	mare	🌊	
flumen	flūmen	🏞️	
mons	mōns	⛰️	
silva	silva	🌲	
arbor	arbor	🌳	
flos	flōs	🌸	
rosa	rosa	🌹	
folium	folium	🍃	
herba	herba	🌿	
hortus	hortus	🏡	
domus	domus	🏠	
villa	vīlla	🏡	
casa	casa	🛖	
ianua	iānua	🚪	
porta	porta	🚪	
fenestra	fenestra	🪟	
mensa	mēnsa	🪑	
sella	sella	🪑	
lectus	lectus	🛏️	
liber	liber	📖	
epistula	epistula	✉️	
clavis	clāvis	🔑	
gladius	gladius	🗡️	
sagitta	sagitta	🏹	
scutum	scūtum	🛡️	
corona	corōna	👑	
anulus	ānulus	💍	
pecunia	pecūnia	💰	
nummus	nummus	🪙	
saccus	saccus	👜	
calceus	calceus	👞	
pilleus	pilleus	🎩	
tunica	tunica	👕	
vestis	vestis	👗	
speculum	speculum	🪞	
horologium	hōrologium	⏰	
candela	candēla	🕯️	
lucerna	lucerna	🪔	
navis	nāvis	⛵	
currus	currus	🛒	
raeda	raeda	🚗	
rota	rota	☸️	
via	via	🛣️	
pons	pōns	🌉	
turris	turris	🗼	
templum	templum	🏛️	
castellum	castellum	🏰	
urbs	urbs	🏙️	
pons	pōns	🌉	
canis	canis	🐕	
feles	fēlēs	🐈	
equus	equus	🐎	
asinus	asinus	🫏	
bos	bōs	🐄	
vacca	vacca	🐄	
taurus	taurus	🐂	
ovis	ovis	🐑	
agnus	agnus	🐑	
capra	capra	🐐	
porcus	porcus	🐖	
sus	sūs	🐗	
lepus	lepus	🐇	
cuniculus	cunīculus	🐇	
mus	mūs	🐁	
avis	avis	🐦	
gallus	gallus	🐓	
gallina	gallīna	🐔	
anas	anas	🦆	
columba	columba	🕊️	
aquila	aquila	🦅	
noctua	noctua	🦉	
bubo	būbō	🦉	
corvus	corvus	🐦‍⬛	
piscis	piscis	🐟	
rana	rāna	🐸	
testudo	testūdō	🐢	
serpens	serpēns	🐍	
leo	leō	🦁	
lupus	lupus	🐺	
ursus	ursus	🐻	
vulpes	vulpēs	🦊	
cervus	cervus	🦌	
elephantus	elephantus	🐘	
simia	sīmia	🐒	
camelus	camēlus	🐪	
apis	apis	🐝	
papilio	pāpiliō	🦋	
musca	musca	🪰	
formica	formīca	🐜	
araneus	arāneus	🕷️	
vespertilio	vespertīliō	🦇	
eruca	ērūca	🐛	
limax	līmāx	🐌	
cochlea	cochlea	🐌	
oculus	oculus	👁️	
auris	auris	👂	
nasus	nāsus	👃	
os	ōs	👄	mouth only (ōs, ōris); os/ossis bone has no emoji
dens	dēns	🦷	
manus	manus	✋	
pes	pēs	🦶	
cor	cor	❤️	
caput	caput	🧠	
capillus	capillus	💇	
pomum	pōmum	🍎	
malum	mālum	🍎	apple (mālum with long a); malum "evil" has no emoji
pirum	pirum	🍐	
uva	ūva	🍇	
ficus	fīcus	🫐	
nux	nux	🌰	
panis	pānis	🍞	
caseus	cāseus	🧀	
ovum	ōvum	🥚	
lac	lac	🥛	
vinum	vīnum	🍷	
mel	mel	🍯	
oleum	oleum	🫒	
sal	sāl	🧂	
carnis	carō	🍖	
placenta	placenta	🎂	
crustulum	crustulum	🍪	
poculum	pōculum	🍵	
calix	calix	🏆	
patera	patera	🥣	
culter	culter	🔪	
cochlear	cochlear	🥄	
olla	ōlla	🍲	
lagona	lagōna	🍾	
theca	thēca	📦	
arca	arca	📦	
pila	pila	⚽	
tibia	tībia	🎵	
cithara	cithara	🎸	
tuba	tuba	🎺	
tympanum	tympanum	🥁	
tintinnabulum	tintinnābulum	🔔	
hasta	hasta	🔱	
securis	secūris	🪓	
malleus	malleus	🔨	
funis	fūnis	🪢	
ancora	ancora	⚓	
remus	rēmus	🛶	
velum	vēlum	⛵	
lapis	lapis	🪨	
saxum	saxum	🪨	
aurum	aurum	🥇	
margarita	margarīta	📿	
gemma	gemma	💎	
charta	charta	📄	
stilus	stilus	✒️	
penna	penna	🪶	
pictura	pictūra	🖼️	
tabula	tabula	📋	
sacculus	sacculus	👝	
cista	cista	🧺	
scala	scāla	🪜	
pons	pōns	🌉	
puteus	puteus	🕳️	
fons	fōns	⛲	
hortus	hortus	🌷	
ager	ager	🌾	
frumentum	frūmentum	🌾	
rex	rēx	🤴	
regina	rēgīna	👸	
miles	mīles	💂	
nauta	nauta	⚓	
agricola	agricola	👨‍🌾	
medicus	medicus	🧑‍⚕️	
magister	magister	🧑‍🏫	
coquus	coquus	🧑‍🍳	
faber	faber	👷	
pastor	pāstor	🧑‍🌾	
infans	īnfāns	👶	
puer	puer	👦	
puella	puella	👧	
vir	vir	👨	
femina	fēmina	👩	
senex	senex	👴	
anus	anus	👵	old woman only when noun fem.
pater	pater	👨‍👧	
mater	māter	👩‍👧	
familia	familia	👨‍👩‍👧‍👦	
lacrima	lacrima	😢	
risus	rīsus	😄	
somnium	somnium	💭	
hora	hōra	🕐	
nox	nox	🌃	
dies	diēs	📅	
hiems	hiems	☃️	
aestas	aestās	🌞	
ver	vēr	🌱	
autumnus	autumnus	🍂	
tempestas	tempestās	⛈️	
