# key	head	emoji	note	(only nouns with one dominant concrete sense; never names, never abstracts; key = greek_key(head))
ἥλιος	ἥλιος	☀️	
σελήνη	σελήνη	🌙	
ἀστήρ	ἀστήρ	⭐	
νεφέλη	νεφέλη	☁️	
ὑετός	ὑετός	🌧️	
χιών	χιών	❄️	
ἄνεμος	ἄνεμος	💨	
κεραυνός	κεραυνός	⚡	
πῦρ	πῦρ	🔥	
ὕδωρ	ὕδωρ	💧	
θάλαττα	θάλαττα	🌊	
θάλασσα	θάλασσα	🌊	
ποταμός	ποταμός	🏞️	
ὄρος	ὄρος	⛰️	
δένδρον	δένδρον	🌳	
ἄνθος	ἄνθος	🌸	
ῥόδον	ῥόδον	🌹	
φύλλον	φύλλον	🍃	
κῆπος	κῆπος	🏡	
οἶκος	οἶκος	🏠	
οἰκία	οἰκία	🏠	
θύρα	θύρα	🚪	
κλίνη	κλίνη	🛏️	
δίφρος	δίφρος	🪑	
βιβλίον	βιβλίον	📖	
ἐπιστολή	ἐπιστολή	✉️	
ναῦς	ναῦς	⛵	
πλοῖον	πλοῖον	🚢	
ἵππος	ἵππος	🐎	
κύων	κύων	🐕	
βοῦς	βοῦς	🐂	
ὄνος	ὄνος	🫏	
αἴξ	αἴξ	🐐	
πρόβατον	πρόβατον	🐑	
ὗς	ὗς	🐖	
ὄρνις	ὄρνις	🐦	
ἀλεκτρυών	ἀλεκτρυών	🐓	
ὄφις	ὄφις	🐍	
ἰχθύς	ἰχθύς	🐟	
λύκος	λύκος	🐺	
λέων	λέων	🦁	
ἄρκτος	ἄρκτος	🐻	
μῦς	μῦς	🐁	
γαλῆ	γαλῆ	🐈	the household mouser of Attic houses; used for "cat"
αἴλουρος	αἴλουρος	🐈	
μέλιττα	μέλιττα	🐝	
ἄρτος	ἄρτος	🍞	
οἶνος	οἶνος	🍷	
γάλα	γάλα	🥛	
μέλι	μέλι	🍯	
τυρός	τυρός	🧀	
ᾠόν	ᾠόν	🥚	
μῆλον	μῆλον	🍎	
σταφυλή	σταφυλή	🍇	
ἐλαία	ἐλαία	🫒	
κρέας	κρέας	🥩	
ὀφθαλμός	ὀφθαλμός	👁️	
χείρ	χείρ	✋	
πούς	πούς	🦶	
οὖς	οὖς	👂	
στόμα	στόμα	👄	
ῥίς	ῥίς	👃	
ὀδούς	ὀδούς	🦷	
σφαῖρα	σφαῖρα	⚽	
κλείς	κλείς	🔑	
ξίφος	ξίφος	🗡️	
τόξον	τόξον	🏹	
ἀσπίς	ἀσπίς	🛡️	
λύχνος	λύχνος	🪔	
κώδων	κώδων	🔔	
ὡρολόγιον	ὡρολόγιον	🕰️	
πλακοῦς	πλακοῦς	🍰	
λίθος	λίθος	🪨	
γέφυρα	γέφυρα	🌉	
ναός	ναός	🏛️	
χελώνη	χελώνη	🐢	
βάτραχος	βάτραχος	🐸	
ἀράχνη	ἀράχνη	🕷️	
ἀετός	ἀετός	🦅	
ἔλαφος	ἔλαφος	🦌	
ἐλέφας	ἐλέφας	🐘	
πίθηκος	πίθηκος	🐒	
κάμηλος	κάμηλος	🐫	
δελφίς	δελφίς	🐬	
καρκίνος	καρκίνος	🦀	
πολύπους	πολύπους	🐙	
κρήνη	κρήνη	⛲	
νῆσος	νῆσος	🏝️	
σκηνή	σκηνή	⛺	
ὑπόδημα	ὑπόδημα	👞	
καρδία	καρδία	❤️	
μάχαιρα	μάχαιρα	🔪	
# C16 (quality loop 2): concrete nouns of the regression lines 41-114
θυρίς	θυρίς	🪟	
λύχνος	λύχνος	🪔	
ἱμάτιον	ἱμάτιον	🧥	
χρῶμα	χρῶμα	🎨	paint, colour
