# key	head	pos	gender	cls	tier	gloss_en	gloss_es	cells	note
# Greek lemmas missing from Wiktionary, added whole by tools/build_library/pack.py (B4c; supplement.py has the format).
# Written by the project by hand: full Attic paradigms (accents checked against the regular rules of 2nd-declension
# neuters in -εῖον like μουσεῖον, 3rd-declension neuters in -ος like γένος / ψεῦδος, and the contracted two-ending
# adjective εὔνους of the grammars). One row per lemma; a key already in the lexicon is skipped by the packer.
# key  = greek_key(head) (final sigma written σ); pos = noun | adj | ...; gender = masculine / feminine / neuter
# words (empty for adjectives); cls = declension number, "contracted" for contracted tables; tier = 1 | 2 | 3;
# cells = `;`-separated `tags=form` (tags of the Kaikki/features vocabulary; a repeated tag set adds an alternative
# form, the first is the generated one). The cells are read as an Attic table (extra bit attic).
διδασκαλεῖον	διδασκαλεῖον	noun	neuter	2	2	school	escuela	nominative singular=διδασκαλεῖον;genitive singular=διδασκαλείου;dative singular=διδασκαλείῳ;accusative singular=διδασκαλεῖον;vocative singular=διδασκαλεῖον;nominative plural=διδασκαλεῖα;genitive plural=διδασκαλείων;dative plural=διδασκαλείοις;accusative plural=διδασκαλεῖα;vocative plural=διδασκαλεῖα;nominative dual=διδασκαλείω;genitive dual=διδασκαλείοιν;dative dual=διδασκαλείοιν;accusative dual=διδασκαλείω;vocative dual=διδασκαλείω	LSJ s.v. διδασκαλεῖον, τό: teaching-place, school; declined like μουσεῖον
λάθοσ	λάθος	noun	neuter	3	3	mistake, error (post-classical)	error, equivocación (posclásico)	nominative singular=λάθος;genitive singular=λάθους;dative singular=λάθει;accusative singular=λάθος;vocative singular=λάθος;nominative plural=λάθη;genitive plural=λαθῶν;dative plural=λάθεσι;dative plural=λάθεσιν;accusative plural=λάθη;vocative plural=λάθη;nominative dual=λάθει;genitive dual=λαθοῖν;dative dual=λαθοῖν;accusative dual=λάθει;vocative dual=λάθει	LSJ s.v. λάθος (A), τό gives only 'escape from detection'; 'mistake' (κατὰ λάθος) is the post-classical sense the gold uses; declined like γένος (λάθους, λαθῶν)
εὔνουσ	εὔνους	adj		2 contracted	2	kind, well-disposed, friendly	amable, benévolo, bienintencionado	masculine feminine nominative singular=εὔνους;masculine feminine genitive singular=εὔνου;masculine feminine dative singular=εὔνῳ;masculine feminine accusative singular=εὔνουν;masculine feminine vocative singular=εὔνου;neuter nominative singular=εὔνουν;neuter genitive singular=εὔνου;neuter dative singular=εὔνῳ;neuter accusative singular=εὔνουν;neuter vocative singular=εὔνουν;masculine feminine nominative plural=εὖνοι;masculine feminine genitive plural=εὔνων;masculine feminine dative plural=εὔνοις;masculine feminine accusative plural=εὔνους;masculine feminine vocative plural=εὖνοι;neuter nominative plural=εὔνοα;neuter genitive plural=εὔνων;neuter dative plural=εὔνοις;neuter accusative plural=εὔνοα;neuter vocative plural=εὔνοα;masculine feminine neuter nominative dual=εὔνω;masculine feminine neuter genitive dual=εὔνοιν;masculine feminine neuter dative dual=εὔνοιν;masculine feminine neuter accusative dual=εὔνω;masculine feminine neuter vocative dual=εὔνω;comparative=εὐνούστερος;superlative=εὐνούστατος	LSJ s.v. εὔνοος, contr. εὔνους, ουν: well-disposed, kindly, friendly; nom. pl. εὖνοι, neut. pl. εὔνοα (uncontracted), voc. sg. εὔνου by contraction (οε > ου); comparative εὐνούστερος, superlative εὐνούστατος
