# english	latin
laughs	rīdet
laughing	rīdēns
giggles	rīdet
chuckles	rīdet
cries	flet
crying	flēns
sobbing	flēns
screams	clāmat
screaming	clāmāns
shouts	clāmat
gasps	anhēlat
sighs	suspīrat
yawns	ōscitat
sneezes	sternuit
coughs	tussit
whispers	susurrat
whispering	susurrāns
humming	murmurāns
singing	canēns
music	mūsica
music playing	mūsica
applause	plausus
knocking	pulsātiō
knock on door	pulsātur iānua
door opens	iānua aperītur
door closes	iānua clauditur
footsteps	gradūs
thunder	tonitrus
wind blowing	ventus flat
birds chirping	avēs pīpiant
dog barking	canis lātrat
cat meowing	fēlēs miat
bell rings	tintinnābulum sonat
clock ticking	hōrologium sonat
inaudible	non audītur
indistinct chatter	sermō obscūrus
speaking latin	Latīnē loquitur
