# key	tier	periphrasis	note
oportet	3	dēbeō	"must": dēbeō + infinitive instead of oportet + acc + inf
necesse	2	dēbeō	necesse est -> dēbeō in flexible mode
licet	2	possum	permission "may" -> possum in flexible mode (faithful keeps licet + dat)
decet	3	dēbeō	
ignosco	2	veniam dō	flexible: "ignōsce mihi" stays as phrasebook; else veniam dare
festino	2	celeriter eō	or properō (T2)
propero	2	celeriter eō	
vespertilio	3	vespertīliō 🦇	keep the word (no simple synonym), emoji supplies meaning
consisto	3	stō	
occurro	2	obviam eō	or "venīre ad"
cunctor	3	moror	
haesito	3	dubitō	
appropinquo	2	prope veniō	
desidero	2	cupiō	
exspecto	2	maneō	only when "wait for" (not "expect")
intellego	2	sciō	"understand" -> intellegō is T2 itself; flexible may use sciō when sense is "know"
cogito	2	putō	"think" -> putō (T1)
existimo	3	putō	
arbitror	3	putō	
reor	3	putō	
opinor	3	putō	
mentior	3	falsa dīcō	
taceo	1	taceō	T1 already
conticesco	3	taceō	
obliviscor	2	nōn meminī	flexible; faithful keeps oblīvīscor + gen
reminiscor	3	meminī	
recordor	3	meminī	
aspicio	2	videō	
conspicio	2	videō	
intueor	3	spectō	
contemplor	3	spectō	
prospicio	3	spectō	
inquiro	3	quaerō	
investigo	3	quaerō	
reperio	2	inveniō	
nanciscor	3	inveniō	
adipiscor	3	accipiō	
consequor	3	accipiō	
vereor	2	timeō	
metuo	2	timeō	
formido	3	timeō	
paveo	3	timeō	
