# english	context	latin	case	note
in	place (static)	in	abl	in hortō
in	time (within a period)	-	abl	bare ablative of time: tertiō diē
in	manner/language	-	abl	Latīnē for "in Latin" via adverb table
into	motion	in	acc	in hortum
to	motion toward a place	ad	acc	ad urbem; towns and domus/rūs take bare accusative
to	recipient / indirect object	-	dat	dative, no preposition
to	purpose (infinitive)	-	inf	"to see" after verbs of motion -> ut + subj or supine (faithful)
on	surface	in	abl	in mēnsā
on	day/date	-	abl	bare ablative of time
onto	motion	in	acc	
at	place (small place / home)	-	loc	Rōmae, domī; otherwise apud + acc (person) or ad + acc
at	time	-	abl	prīmā hōrā
with	accompaniment	cum	abl	cum amīcō; enclitic with pronouns: mēcum, tēcum, sēcum, nōbīscum, vōbīscum
with	instrument	-	abl	bare ablative of means: gladiō
with	manner	cum	abl	cum cūrā (or bare ablative when an adjective is present: magnā cūrā)
without	-	sine	abl	
from	source / separation	ā	abl	ā/ab: ab before vowels and h
from	out of	ē	abl	ē/ex: ex before vowels
from	down from	dē	abl	
by	agent (person)	ā	abl	ā/ab + ablative of agent with passive verbs
by	means (thing)	-	abl	
by	near	apud	acc	
of	possession	-	gen	genitive
of	partitive	-	gen	
of	about	dē	abl	
about	topic	dē	abl	
about	approximately	circiter	-	adverb
around	place	circum	acc	
through	place	per	acc	
through	means (person)	per	acc	
for	benefit	-	dat	dative of advantage
for	purpose / in exchange	prō	abl	
for	duration	-	acc	accusative of duration: trēs hōrās
for	because of	propter	acc	
before	time/place	ante	acc	
after	time/place	post	acc	
behind	-	post	acc	
in front of	-	ante	acc	
under	-	sub	abl	static; sub + acc for motion
over	above	super	acc	
above	-	suprā	acc	
below	-	īnfrā	acc	
between	-	inter	acc	
among	-	inter	acc	
against	-	contrā	acc	
toward	-	ad	acc	
near	-	prope	acc	
beside	-	iuxtā	acc	C30: "a stream ran beside the path" -> iuxtā sēmitam (apud is "at the house of")
across	-	trāns	acc	
beyond	-	ultrā	acc	
outside	-	extrā	acc	
inside	-	intrā	acc	
until	-	ūsque ad	acc	
since	time	ā	abl	
during	-	-	abl	bare ablative of time within which
instead of	-	prō	abl	
like	comparison	sīcut	-	conjunction, nominative follows
as	role	-	-	predicate noun, no preposition
because of	-	propter	acc	
according to	-	secundum	acc	
except	-	praeter	acc	
amongst	-	inter	acc	C15: "amongst us" -> inter nōs
within	-	intrā	acc	C22: "within the castle" -> intrā castellum
round	place	circum	acc	C22: "The moon goes round the Earth." -> circum Terram
down	-	dē	abl	C24: "He fell down the stairs." -> dē scālīs
past	-	praeter	acc	C28: "past the temple" -> praeter templum
towards	-	ad	acc	C30: "walked towards the river" -> ad flūmen
along	-	secundum	acc	C30: "came along the bank" -> secundum rīpam
