# head	pos	english	spanish	es_gender	tags
# Greek -> English / Spanish glosses for the readable sentence and the interlinear view of grc2x (C12; teacher-editable;
# our own rows). head: the Greek lemma (as greek.vpl writes it, without length marks); pos: noun, verb, adj, adv, pron,
# prep, conj, particle, or "mid" for the middle voice of a verb with its own meaning; English: verbs in the base form
# ("look for"), nouns singular; Spanish: verbs in the infinitive ("tener miedo" inflects its first word), nouns
# singular with the gender column; tags: person, animal (Spanish personal "a" for objects), mass (no "a"), motion
# (present progressive in English: "is coming"), plural:<form> (an irregular English plural), reverse-only (C33: the row
# reads Greek back but is not a taught gloss of the EN / ES -> Greek path).
δοῦλος	noun	slave	esclavo	m	person
λίθος	noun	stone	piedra	f	
κόρη	noun	girl	muchacha	f	person
μήτηρ	noun	mother	madre	f	person
πατήρ	noun	father	padre	m	person
παῖς	noun	boy	niño	m	person plural:boys
παιδίον	noun	child	niño	m	person plural:children
ἀγρός	noun	field	campo	m	
γυνή	noun	woman	mujer	f	person plural:women
οἰκία	noun	house	casa	f	
γεωργός	noun	farmer	campesino	m	person
βοῦς	noun	ox	buey	m	animal plural:oxen
σφαῖρα	noun	ball	pelota	f	
γαλῆ	noun	cat	gato	m	animal
φίλος	noun	friend	amigo	m	person
ἀνήρ	noun	man	hombre	m	person plural:men
ἄρτος	noun	bread	pan	m	mass
κῆπος	noun	garden	jardín	m	
δεσπότης	noun	master	amo	m	person
ἵππος	noun	horse	caballo	m	animal
βιβλίον	noun	book	libro	m	
θύρα	noun	door	puerta	f	
πόλις	noun	city	ciudad	f	
ἄνθρωπος	noun	man	hombre	m	person plural:men
θεός	noun	god	dios	m	person
ὕδωρ	noun	water	agua	f	mass
ἀδελφός	noun	brother	hermano	m	person
ἀδελφή	noun	sister	hermana	f	person
λύκος	noun	wolf	lobo	m	animal plural:wolves
διδάσκαλος	noun	teacher	maestro	m	person
ἄνθος	noun	flower	flor	f	
ᾠδή	noun	song	canción	f	
βασίλεια	noun	queen	reina	f	person
καρδία	noun	heart	corazón	m	
κεφαλή	noun	head	cabeza	f	
πλακοῦς	noun	cake	pastel	m	
ποτόν	noun	drink	bebida	f	
οἶκος	noun	house	casa	f	
ἡμέρα	noun	day	día	m	
νύξ	noun	night	noche	f	
ὁδός	noun	road	camino	m	
θάλαττα	noun	sea	mar	m	
δένδρον	noun	tree	árbol	m	
ὄνομα	noun	name	nombre	m	
ἀγορά	noun	market place	plaza	f	
αἴρω	verb	lift	levantar		
φιλέω	verb	love	amar		
εἰμί	verb	be	ser		
βαίνω	verb	go	ir		motion
ἔρχομαι	verb	come	venir		motion
ἥκω	verb	have come	haber llegado		
λύω	verb	untie	desatar		
ὁράω	verb	see	ver		
οἶδα	verb	know	saber		
ἀκούω	verb	listen to	escuchar		
φοβέω	mid	be afraid	tener miedo		
φοβέω	verb	frighten	asustar		
δίδωμι	verb	give	dar		
τρέχω	verb	run	correr		
παίζω	verb	play	jugar		
καλέω	verb	call	llamar		
ἀνοίγω	verb	open	abrir		
καθεύδω	verb	sleep	dormir		
τιμάω	verb	honour	honrar		
λαλέω	verb	talk	hablar		
λέγω	verb	say	decir		
ἔχω	verb	have	tener		
ζητέω	verb	look for	buscar		
διώκω	verb	chase	perseguir		
σπεύδω	verb	hurry	apresurarse		
ἀπέρχομαι	verb	go away	irse		motion
ἐπανέρχομαι	verb	come back	regresar		motion
διέρχομαι	verb	get through	pasar		
μένω	verb	wait	esperar		
πίνω	verb	drink	beber		
λαμβάνω	verb	take	tomar		
δύναμαι	verb	can	poder		
βούλομαι	verb	want	querer		
ᾄδω	verb	sing	cantar		
φεύγω	verb	flee	huir		
προσκυνέω	verb	bow	inclinarse		
ἀποτέμνω	verb	cut off	cortar		
ποιέω	verb	do	hacer		
οἰκέω	verb	live	vivir		
χαίρω	verb	rejoice	alegrarse		
μικρός	adj	small	pequeño		
μέγας	adj	big	grande		
καλός	adj	beautiful	hermoso		
σοφός	adj	wise	sabio		
λευκός	adj	white	blanco		
ἀγαθός	adj	good	bueno		
κακός	adj	bad	malo		
θαυμαστός	adj	strange	extraño		
ἄγροικος	adj	rude	grosero		
πᾶς	adj	all	todo		
πολύς	adj	much	mucho		
δύο	num	two	dos		
τρεῖς	num	three	tres		
εἷς	num	one	uno		
πόσος	adj	how many	cuánto		
οὐδείς	adj	no	ninguno		
νῦν	adv	now	ahora		
ἀεί	adv	always	siempre		
δεῦρο	adv	here	aquí		
ἐνθάδε	adv	here	aquí		
ἐκεῖ	adv	there	allí		
πάνυ	adv	very	muy		
λίαν	adv	too	demasiado		
ὀψέ	adv	late	tarde		
οὐδέποτε	adv	never	nunca		
πρότερον	adv	before	antes		
ταχέως	adv	quickly	rápido		
ποῦ	adv	where	dónde		
ποῖ	adv	where	adónde		
πόθεν	adv	where from	de dónde		
πῶς	adv	how	cómo		
πότε	adv	when	cuándo		
πηνίκα	adv	at what time	a qué hora		
ἐν	prep	in	en		
εἰς	prep	into	a		
ἐκ	prep	out of	de		
ἀπό	prep	from	de		
πρός	prep	towards	hacia		
μετά	prep	with	con		
σύν	prep	with	con		
περί	prep	about	sobre		
ὑπό	prep	by	por		
παρά	prep	beside	junto a		
ἐπί	prep	on	sobre		
διά	prep	through	por		
ἄνευ	prep	without	sin		
πρό	prep	before	ante		
καί	conj	and	y		
ἀλλά	conj	but	pero		
ἤ	conj	or	o		
ὅτι	conj	because	porque		
ἐπεί	conj	when	cuando		
ὅτε	conj	when	cuando		
εἰ	conj	if	si		
ἐάν	conj	if	si		
ἵνα	conj	so that	para que		
δέ	particle	and	y		
γάρ	particle	for	pues		
οὖν	particle	so	así que		
μέν	particle	-	-		
γε	particle	-	-		
δή	particle	-	-		
δήπου	particle	of course	claro que		
οὐ	particle	not	no		
μή	particle	not	no		
ἆρα	particle	-	-		
ὁ	article	the	el		
ἐγώ	pron	I	yo		
σύ	pron	you	tú		
ἡμεῖς	pron	we	nosotros		
ὑμεῖς	pron	you	ustedes		
αὐτός	pron	he, she, it	él, ella, ello		
οὗτος	pron	this	este		
ἐκεῖνος	pron	that	aquel		
τίς	pron	who, what	quién, qué		
τις	pron	someone, something	alguien, algo		
ὅς	pron	who, which	que		
ὦ	intj	O	oh		
οἴμοι	intj	alas	ay		
φεῦ	intj	alas	ay		
# C21 (Greek loop 4): weather and nature words, the gloss gaps of loop 3 (our own rows)
ὄμβρος	noun	rain	lluvia	f	mass
ἄνεμος	noun	wind	viento	m	
πνέω	verb	blow	soplar		
νίφω	verb	snow	nevar		
ὕω	verb	rain	llover		
δύω	mid	set	ponerse		
τράπεζα	noun	table	mesa	f	
κιβώτιον	noun	box	caja	f	
βακτηρία	noun	stick	bastón	m	
παιδιά	noun	game	juego	m	
δακτύλιος	noun	ring	anillo	m	
σφραγίς	noun	seal	sello	m	
ἥσυχος	adj	quiet	tranquilo		C29: "a quiet village" (ἤρεμος came through the reverse index: late)
κώμη	noun	village	aldea	f	C29
ἅμαξα	noun	cart	carreta	f	C29: (κάρρον, the Latin carrus, is late)
ἐλπίζω	verb	hope	esperar		C29
ἀργύριον	noun	money	dinero	m	mass; C29
λάμπω	verb	shine	brillar		C29
πικρός	adj	bitter	amargo		C29: "wept bitterly" -> πικρῶς ἔκλαυσαν
βασιλεύς	noun	king	rey	m	person	C31 (lexicon gloss "chief")
φημί	verb	say	decir		C31 (read as "think")
νομίζω	verb	think	creer		C31 (lexicon gloss "use customarily")
οἴομαι	verb	think	creer		C31
κελεύω	verb	order	ordenar		C31
τελευτάω	verb	end	terminar		C31 (lexicon gloss "accomplish")
παύω	mid	stop	cesar		C31 (the middle: "the rain will stop")
αὔριον	adv	tomorrow	mañana		C31 (Spanish was "cras")
νικάω	verb	win	ganar		C31 (lexicon gloss "prevail")
αἷμα	noun	blood	sangre	f	mass	C31
ῥέω	verb	flow	correr		C31 (αἷμα ῥεῖ: "blood flows")
νεανίας	noun	young man	joven	m	person	C31
ναύτης	noun	sailor	marinero	m	person	C31 (Spanish was "grumete")
στρατιώτης	noun	soldier	soldado	m	person	C31 (Spanish was "campeón")
# C33: the commonest military, political, family and everyday words that printed a long or wrong dictionary gloss in
# grc2x (probe of 60 own Attic sentences, docs/rules_grc3_notes.md "Loop 8"); the lexicon's gloss in the note.
στρατηγός	noun	general	general	m	person	C33 ("leader or commander of an army: general")
πολέμιος	adj	enemy	enemigo		person plural:enemy reverse-only	C33 (οἱ πολέμιοι "the enemy"; lexicon "belonging to war", Spanish "artículos personales")
ἐχθρός	adj	enemy	enemigo		person reverse-only	C33 (a personal enemy; lexicon "hated")
σύμμαχος	adj	ally	aliado		person reverse-only	C33 ("fighting along with")
ὁπλίτης	noun	hoplite	hoplita	m	person	C33 ("one who is armed")
ἡγεμών	noun	leader	jefe	m	person	C33 ("one who goes first", Spanish "ser de")
ἱππεύς	noun	horseman	jinete	m	person	C33 ("charioteer")
ναύαρχος	noun	admiral	almirante	m	person	C33 ("commander of a fleet")
μάχομαι	verb	fight	luchar		C33 ("make war", Spanish "hacer")
τεῖχος	noun	wall	muralla	f		C33 (the city wall)
γέφυρα	noun	bridge	puente	m		C33 ("beam")
πύλη	noun	gate	puerta	f		C33 ("a wing of gates")
φύλαξ	noun	guard	guardia	m	person	C33 (Spanish "guarda")
φυλάττω	verb	guard	guardar		C33 (Spanish "aguaitar")
μάχαιρα	noun	knife	cuchillo	m		C33 ("large knife", Spanish "grande")
νίκη	noun	victory	victoria	f		C33 ("things won in victory", Spanish "fruto")
δῆμος	noun	people	pueblo	m	plural:peoples	C33 ("a district")
βουλή	noun	council	consejo	m		C33 ("will")
πολίτης	noun	citizen	ciudadano	m	person	C33 (Spanish "ciudadana")
νόμος	noun	law	ley	f		C33 ("usage")
τύραννος	noun	tyrant	tirano	m	person	C33 ("absolute ruler", Spanish "absoluto")
ἄρχω	verb	rule	gobernar		C33 (ἄρχω + gen; the middle is "begin")
ἄρχω	mid	begin	comenzar		C33
ἀγγέλλω	verb	announce	anunciar		C33 ("carry")
κριτής	noun	judge	juez	m	person	C33 ("umpire")
κολάζω	verb	punish	castigar		C33 ("check")
συνέρχομαι	verb	come together	reunirse		motion	C33 (Spanish "acabar")
γονεύς	noun	parent	padre	m	person	C33 (Spanish "madre")
οἰκέτης	noun	servant	criado	m	person	C33 ("household slave", Spanish "agregado familiar")
τροφός	noun	nurse	nodriza	f	person	C33 (Spanish "enfermera")
βρέφος	noun	baby	bebé	m	person	C33 (Spanish "nene")
ξένος	noun	stranger	extranjero	m	person	C33 ("of parties giving or receiving hospitality: host ...")
μαθητής	noun	pupil	alumno	m	person	C33 ("learner")
ἰατρός	noun	doctor	médico	m	person	C33 ("physician", Spanish "doctora")
νοσέω	verb	be sick	estar enfermo		C33 (Spanish "cagante")
θεραπεύω	verb	heal	curar		C33 ("wait on")
ἔμπορος	noun	merchant	comerciante	m	person	C33 ("one who is on a journey: wayfarer")
πωλέω	verb	sell	vender		C33 (Spanish "actuar")
κρήνη	noun	fountain	fuente	f		C33 ("well", Spanish "aljibe")
συλλέγω	verb	gather	recoger		C33 (Spanish "allegar")
πεδίον	noun	plain	llanura	f		C33 ("open country", Spanish "open")
ἕτοιμος	adj	ready	listo		C33 ("at hand", Spanish "mano")
οὐρανός	noun	sky	cielo	m		C33 ("the vaulted sky, on which the stars ...")
κομίζω	verb	bring	llevar		C33 ("take care of")
σέβομαι	verb	revere	venerar		C33 ("be moved by awe")
ἱερεύς	noun	priest	sacerdote	m	person	C33 (Spanish "cura")
θύω	verb	sacrifice	sacrificar		C33 (the lexicon mixes in θύω "rush in")
θυσία	noun	sacrifice	sacrificio	m		C33 ("offering")
γυμνάσιον	noun	gymnasium	gimnasio	m		C33 ("bodily exercises")
γυμνάζω	verb	train	entrenar		C33 ("train naked")
γυμνάζω	mid	exercise	ejercitarse		C33
κεῖμαι	verb	lie	yacer		C33 ("lie asleep")
πλοῖον	noun	boat	barco	m	reverse-only	C33 ("a floating vessel"; reverse-only: "boat" stays ναῦς)
ἐπιστολή	noun	letter	carta	f		C33 ("message")
σῖτος	noun	grain	trigo	m	mass	C33 (Spanish "grano, callo")
πρόβατον	noun	sheep	oveja	f	animal plural:sheep	C33 ("cattle")
τρέφω	verb	raise	criar		C33 ("rear and keep")
εἰσπλέω	verb	sail	navegar		C33 ("sail into": εἰσέπλευσεν εἰς τὸν λιμένα "sailed into the harbour")
θεῖος	adj	divine	divino		C33 ("of or from the gods or God")
γράφω	verb	write	escribir		C33 ("scratch")
πορεύω	mid	march	marchar		motion reverse-only	C33 (ἐπορεύετο "was causing to go"; reverse-only: "march" stays βαδίζω, the aorist would be ἐπορεύσαντο)
μῦθος	noun	story	cuento	m		C33 ("something said: word"; a tale, a fable in Attic)
κόπτω	verb	strike	golpear		C33 (Spanish "acuñar")
κλέπτης	noun	thief	ladrón	m	person	C33 (Spanish "amigo de lo ajeno")
ποιμήν	noun	shepherd	pastor	m	person	C33 (Spanish "ovejero")
ἰχθύς	noun	fish	pez	m	animal plural:fish	C33 (Spanish "pescado", the food)
ἁλιεύς	noun	fisherman	pescador	m	person	C33 ("fisher")
τέκνον	noun	child	hijo	m	person plural:children reverse-only	C33 (Spanish "niña"; reverse-only: "child" stays παῖς)
χαλεπός	adj	difficult	difícil		C33 (Spanish "dificultoso")
ἰχθῦς	noun	fish	pez	m	animal plural:fish	C33 (Spanish "pescado", the food; two lemmas ἰχθύς / ἰχθῦς)
ἑσπέρα	noun	evening	tarde	f		C33 (Spanish "véspero")
μεσημβρία	noun	noon	mediodía	m		C33
νύκτωρ	adv	at night	de noche		C33 (Spanish "cheno")
ἕως	noun	dawn	amanecer	m		C33 (the lexicon also has "the goddess Eos")
φαίνω	verb	show	mostrar		C33 ("cause to appear")
φαίνω	mid	appear	aparecer		C33 (φαίνεται, ἐφάνθη "appears, appeared")
ἀστήρ	noun	star	estrella	f	reverse-only	C33 ("celestial body", Spanish "celeste"; reverse-only: "star" stays ἄστρον)
ἄγω	verb	lead	llevar		reverse-only	C33 (Spanish "liderar"; reverse-only: "llevar" a thing is φέρω)
